<?xml version="1.0" encoding="UTF-8"?>
<ExtensionManifest Version="7.0" ExtensionBundleId="unsplash.ext" ExtensionBundleVersion="1.0.0"
		ExtensionBundleName="Extension-Name" xmlns:xsi="http://www.w3.org/2001/XMLSchema-instance">
	<ExtensionList>
		<Extension Id="unsplash.ext" Version="1.0" />
	</ExtensionList>
	<ExecutionEnvironment>
		<HostList>
            <!-- Uncomment Host tags according to the apps you want your panel to support -->
            <!-- Photoshop -->

            <Host Name="PHXS" Version="15.0" />
            <Host Name="PHSP" Version="15.0" />

            <!-- Illustrator -->
            <!-- <Host Name="ILST" Version="[18.0,18.9]" />-->
            <!-- InDesign -->
            <!-- <Host Name="IDSN" Version="[10.0,10.9]" /> -->          
            <!-- Premiere -->
            <!-- <Host Name="PPRO" Version="[8.0,8.9]" /> -->
            <!-- AfterEffects -->
            <!-- <Host Name="AEFT" Version="[13.0,13.9]" /> -->
            <!-- PRELUDE -->
            <!-- <Host Name="PRLD" Version="[3.0,3.9]" />   -->
            <!-- FLASH Pro -->
            <!-- <Host Name="FLPR" Version="[14.0,14.9]" /> -->

		</HostList>
		<LocaleList>
			<Locale Code="All" />
		</LocaleList>
		<RequiredRuntimeList>
			<RequiredRuntime Name="CSXS" Version="5.0" />
		</RequiredRuntimeList>
	</ExecutionEnvironment>
	<DispatchInfoList>
		<Extension Id="unsplash.ext">
			<DispatchInfo >
				<Resources>
					<MainPath>./index.html</MainPath>
					<CEFCommandLine>
						<Parameter>--enable-nodejs</Parameter>
					</CEFCommandLine>
					<ScriptPath>./jsx/hostscript.jsx</ScriptPath>
				</Resources>
				<Lifecycle>
					<AutoVisible>true</AutoVisible>
				</Lifecycle>
				<UI>
					<Type>Panel</Type>
					<Menu>clip-art</Menu>
					<Geometry>
						<Size>
							<Height>300</Height>
							<Width>300</Width>
						</Size>
                    <!--<MinSize>
                            <Height>550</Height>
                            <Width>400</Width>
                        </MinSize>
                        <MaxSize>
                            <Height>550</Height>
                            <Width>400</Width>
                        </MaxSize>-->
                        
					</Geometry>
					<Icons>
						<Icon Type="Normal">./icons/iconNormal.png</Icon>
						<Icon Type="RollOver">./icons/iconRollover.png</Icon>
						<Icon Type="Disabled">./icons/iconDisabled.png</Icon>
						<Icon Type="DarkNormal">./icons/iconDarkNormal.png</Icon>
						<Icon Type="DarkRollOver">./icons/iconDarkRollover.png</Icon>
					</Icons>					
				</UI>
			</DispatchInfo>
		</Extension>
	</DispatchInfoList>
</ExtensionManifest>